OrderID,OrderDate,Branch,City,CustomerType,Gender,ProductLine,UnitPrice,Quantity,Payment,Total,COGS,GrossIncome,GrossMargin%,Rating
ORD1000,2024-01-01,C,Guadalajara,New,Female,Audio,1301.83,2,Cash,2603.66,1955.02,648.6399999999999,24.91,6.1
ORD1001,2024-01-02,A,Guadalajara,New,Male,Laptop,802.67,2,Cash,1605.34,1205.41,399.92999999999984,24.91,7.9
ORD1002,2024-01-03,C,Monterrey,New,Female,Accessories,744.81,4,Cash,2979.24,2237.03,742.2099999999996,24.91,4.7
ORD1003,2024-01-04,C,Guadalajara,New,Female,Gaming,87.18,3,Cash,261.54,196.38,65.16000000000003,24.91,9.3
ORD1004,2024-01-05,A,Mexico City,Returning,Male,Smartphone,544.81,3,Cash,1634.43,1227.25,407.18000000000006,24.91,7.0
ORD1005,2024-01-06,A,Mexico City,New,Female,TV,601.28,3,Cash,1803.84,1354.46,449.3799999999999,24.91,6.7
ORD1006,2024-01-07,C,Mexico City,Returning,Male,Smartphone,628.29,4,Ewallet,2513.16,1887.06,626.0999999999999,24.91,7.5
ORD1007,2024-01-08,B,Monterrey,Returning,Male,TV,891.25,2,Cash,1782.5,1338.43,444.06999999999994,24.91,7.7
ORD1008,2024-01-09,C,Guadalajara,New,Female,Laptop,823.72,4,Credit Card,3294.88,2474.04,820.8400000000001,24.91,4.4
ORD1009,2024-01-10,C,Mexico City,Returning,Male,Audio,931.46,2,Cash,1862.92,1398.82,464.10000000000014,24.91,8.1
ORD1010,2024-01-11,C,Monterrey,Returning,Female,Laptop,1159.08,4,Cash,4636.32,3481.29,1155.0299999999997,24.91,5.5
ORD1011,2024-01-12,C,Guadalajara,Returning,Female,Accessories,1228.83,4,Ewallet,4915.32,3690.78,1224.5399999999995,24.91,8.3
ORD1012,2024-01-13,A,Monterrey,Returning,Male,Accessories,1091.28,2,Ewallet,2182.56,1638.83,543.73,24.91,8.9
ORD1013,2024-01-14,C,Mexico City,New,Male,TV,1435.51,3,Credit Card,4306.53,3233.66,1072.87,24.91,8.8
ORD1014,2024-01-15,B,Mexico City,Returning,Male,Gaming,76.44,2,Credit Card,152.88,114.79,38.08999999999999,24.91,7.3
ORD1015,2024-01-16,A,Mexico City,New,Male,Gaming,333.88,1,Ewallet,333.88,250.7,83.18,24.91,7.1
ORD1016,2024-01-17,B,Monterrey,Returning,Female,TV,60.97,1,Ewallet,60.97,45.78,15.189999999999998,24.91,4.9
ORD1017,2024-01-18,B,Monterrey,Returning,Female,Accessories,988.84,2,Cash,1977.68,1484.99,492.69000000000005,24.91,8.7
ORD1018,2024-01-19,B,Mexico City,New,Male,Accessories,1352.14,4,Ewallet,5408.56,4061.14,1347.4200000000005,24.91,5.6
ORD1019,2024-01-20,B,Monterrey,Returning,Female,Accessories,403.05,1,Credit Card,403.05,302.64,100.41000000000003,24.91,7.0
ORD1020,2024-01-21,A,Mexico City,Returning,Female,Laptop,1394.2,1,Cash,1394.2,1046.87,347.33000000000015,24.91,5.7
ORD1021,2024-01-22,A,Mexico City,Returning,Female,Accessories,137.39,4,Credit Card,549.56,412.65,136.90999999999997,24.91,4.8
ORD1022,2024-01-23,B,Guadalajara,New,Female,Smartphone,1404.93,4,Cash,5619.72,4219.7,1400.0200000000004,24.91,7.8
ORD1023,2024-01-24,B,Monterrey,Returning,Male,Audio,559.85,3,Ewallet,1679.55,1261.13,418.41999999999985,24.91,4.3
ORD1024,2024-01-25,A,Mexico City,New,Male,Accessories,197.06,4,Credit Card,788.24,591.87,196.37,24.91,8.5
ORD1025,2024-01-26,A,Mexico City,Returning,Female,TV,754.51,2,Cash,1509.02,1133.08,375.94000000000005,24.91,5.9
ORD1026,2024-01-27,A,Monterrey,New,Male,Audio,422.33,2,Cash,844.66,634.23,210.42999999999995,24.91,4.0
ORD1027,2024-01-28,C,Guadalajara,New,Male,Laptop,463.07,3,Ewallet,1389.21,1043.12,346.09000000000015,24.91,7.1
ORD1028,2024-01-29,C,Guadalajara,Returning,Male,TV,495.57,1,Ewallet,495.57,372.11,123.45999999999998,24.91,4.3
ORD1029,2024-01-30,C,Mexico City,Returning,Female,Audio,1214.39,1,Ewallet,1214.39,911.85,302.5400000000001,24.91,5.7
ORD1030,2024-01-31,B,Monterrey,New,Female,TV,831.78,4,Credit Card,3327.12,2498.25,828.8699999999999,24.91,8.2
ORD1031,2024-02-01,C,Guadalajara,New,Female,Laptop,501.4,2,Cash,1002.8,752.98,249.81999999999994,24.91,4.4
ORD1032,2024-02-02,B,Monterrey,Returning,Male,Smartphone,934.98,1,Ewallet,934.98,702.05,232.93000000000006,24.91,9.0
ORD1033,2024-02-03,B,Monterrey,New,Female,Laptop,1088.42,3,Credit Card,3265.26,2451.8,813.46,24.91,4.0
ORD1034,2024-02-04,C,Mexico City,Returning,Female,Laptop,445.3,3,Credit Card,1335.9,1003.09,332.81000000000006,24.91,5.5
ORD1035,2024-02-05,B,Guadalajara,Returning,Male,TV,649.65,2,Credit Card,1299.3,975.61,323.68999999999994,24.91,8.4
ORD1036,2024-02-06,C,Mexico City,Returning,Female,Gaming,226.73,3,Ewallet,680.19,510.74,169.45000000000005,24.91,5.9
ORD1037,2024-02-07,C,Guadalajara,Returning,Female,Accessories,312.67,3,Ewallet,938.01,704.33,233.67999999999995,24.91,4.6
ORD1038,2024-02-08,A,Guadalajara,New,Male,Accessories,1037.62,2,Cash,2075.24,1558.24,516.9999999999998,24.91,6.2
ORD1039,2024-02-09,C,Guadalajara,Returning,Male,Smartphone,313.09,4,Cash,1252.36,940.36,311.9999999999999,24.91,5.6
ORD1040,2024-02-10,A,Guadalajara,New,Male,Smartphone,811.49,4,Ewallet,3245.96,2437.3,808.6599999999999,24.91,9.1
ORD1041,2024-02-11,C,Guadalajara,Returning,Female,Accessories,1078.12,3,Credit Card,3234.36,2428.59,805.77,24.91,5.9
ORD1042,2024-02-12,C,Monterrey,New,Female,Gaming,204.97,4,Credit Card,819.88,615.63,204.25,24.91,8.7
ORD1043,2024-02-13,A,Mexico City,Returning,Female,Accessories,872.6,4,Credit Card,3490.4,2620.85,869.5500000000002,24.91,9.4
ORD1044,2024-02-14,A,Monterrey,New,Male,Gaming,422.02,3,Cash,1266.06,950.65,315.40999999999997,24.91,6.6
ORD1045,2024-02-15,C,Guadalajara,New,Male,Smartphone,1446.24,4,Credit Card,5784.96,4343.77,1441.1899999999996,24.91,9.5
ORD1046,2024-02-16,B,Mexico City,Returning,Female,Audio,751.14,3,Cash,2253.42,1692.03,561.3900000000001,24.91,6.3
ORD1047,2024-02-17,A,Guadalajara,Returning,Female,TV,1218.69,1,Cash,1218.69,915.08,303.61,24.91,9.8
ORD1048,2024-02-18,B,Mexico City,Returning,Male,Smartphone,847.83,2,Credit Card,1695.66,1273.23,422.43000000000006,24.91,4.5
ORD1049,2024-02-19,B,Monterrey,Returning,Male,Smartphone,112.95,2,Credit Card,225.9,169.62,56.28,24.91,8.1
ORD1050,2024-02-20,B,Mexico City,New,Male,Laptop,968.07,4,Ewallet,3872.28,2907.59,964.69,24.91,7.0
ORD1051,2024-02-21,A,Mexico City,Returning,Male,Laptop,1429.53,4,Ewallet,5718.12,4293.58,1424.54,24.91,6.3
ORD1052,2024-02-22,B,Mexico City,New,Female,Laptop,922.34,4,Credit Card,3689.36,2770.24,919.1200000000003,24.91,7.8
ORD1053,2024-02-23,A,Mexico City,New,Male,TV,1237.82,2,Cash,2475.64,1858.89,616.7499999999998,24.91,8.2
ORD1054,2024-02-24,B,Mexico City,Returning,Female,Laptop,1332.1,1,Cash,1332.1,1000.24,331.8599999999999,24.91,4.0
ORD1055,2024-02-25,C,Guadalajara,New,Female,Gaming,380.72,1,Cash,380.72,285.87,94.85000000000002,24.91,5.0
ORD1056,2024-02-26,C,Mexico City,New,Female,Accessories,357.47,2,Cash,714.94,536.83,178.11,24.91,8.3
ORD1057,2024-02-27,A,Mexico City,New,Male,Audio,935.92,1,Cash,935.92,702.76,233.15999999999997,24.91,8.0
ORD1058,2024-02-28,C,Monterrey,New,Male,Smartphone,645.99,2,Ewallet,1291.98,970.11,321.87,24.91,9.8
ORD1059,2024-02-29,C,Mexico City,Returning,Male,Gaming,1267.8,1,Credit Card,1267.8,951.96,315.8399999999999,24.91,8.6
ORD1060,2024-03-01,B,Monterrey,Returning,Male,Audio,1355.03,3,Ewallet,4065.09,3052.37,1012.7200000000003,24.91,9.7
ORD1061,2024-03-02,A,Guadalajara,Returning,Female,Gaming,562.46,3,Cash,1687.38,1267.01,420.3700000000001,24.91,8.2
ORD1062,2024-03-03,B,Mexico City,Returning,Male,Gaming,393.46,2,Cash,786.92,590.88,196.03999999999996,24.91,5.8
ORD1063,2024-03-04,B,Monterrey,New,Male,Smartphone,1181.76,1,Cash,1181.76,887.35,294.40999999999997,24.91,4.6
ORD1064,2024-03-05,B,Monterrey,New,Female,Accessories,448.47,4,Cash,1793.88,1346.98,446.9000000000001,24.91,8.7
ORD1065,2024-03-06,B,Guadalajara,Returning,Male,Laptop,1242.79,1,Credit Card,1242.79,933.18,309.61,24.91,7.9
ORD1066,2024-03-07,B,Mexico City,Returning,Female,TV,664.42,3,Cash,1993.26,1496.69,496.56999999999994,24.91,4.3
ORD1067,2024-03-08,B,Mexico City,Returning,Female,Accessories,1017.95,3,Credit Card,3053.85,2293.05,760.7999999999997,24.91,6.2
ORD1068,2024-03-09,B,Monterrey,New,Female,TV,188.53,1,Cash,188.53,141.56,46.97,24.91,9.7
ORD1069,2024-03-10,A,Mexico City,Returning,Female,Smartphone,954.6,1,Credit Card,954.6,716.78,237.82000000000005,24.91,7.0
ORD1070,2024-03-11,C,Monterrey,Returning,Female,Smartphone,705.06,4,Ewallet,2820.24,2117.64,702.5999999999999,24.91,6.6
ORD1071,2024-03-12,B,Mexico City,Returning,Female,Smartphone,900.58,4,Cash,3602.32,2704.89,897.4300000000003,24.91,6.7
ORD1072,2024-03-13,B,Monterrey,New,Female,Audio,293.62,1,Credit Card,293.62,220.47,73.15,24.91,5.3
ORD1073,2024-03-14,B,Mexico City,New,Female,TV,1118.47,1,Ewallet,1118.47,839.83,278.64,24.91,6.2
ORD1074,2024-03-15,B,Guadalajara,New,Male,Accessories,1301.06,1,Cash,1301.06,976.93,324.13,24.91,6.2
ORD1075,2024-03-16,B,Mexico City,New,Male,Accessories,364.27,1,Cash,364.27,273.52,90.75,24.91,4.3
ORD1076,2024-03-17,B,Mexico City,New,Male,Gaming,188.79,2,Cash,377.58,283.51,94.07,24.91,8.6
ORD1077,2024-03-18,C,Guadalajara,New,Male,Gaming,84.28,1,Credit Card,84.28,63.28,21.0,24.92,6.5
ORD1078,2024-03-19,C,Mexico City,New,Female,Gaming,980.86,4,Credit Card,3923.44,2946.01,977.4299999999998,24.91,8.9
ORD1079,2024-03-20,B,Guadalajara,New,Male,Smartphone,930.29,3,Ewallet,2790.87,2095.59,695.2799999999997,24.91,9.1
ORD1080,2024-03-21,C,Mexico City,Returning,Female,Accessories,842.71,2,Credit Card,1685.42,1265.54,419.8800000000001,24.91,5.3
ORD1081,2024-03-22,A,Monterrey,Returning,Male,TV,386.32,1,Credit Card,386.32,290.08,96.24000000000001,24.91,7.9
ORD1082,2024-03-23,B,Monterrey,New,Male,Smartphone,616.81,3,Cash,1850.43,1389.44,460.99,24.91,6.8
ORD1083,2024-03-24,A,Mexico City,New,Male,Audio,911.99,2,Cash,1823.98,1369.58,454.4000000000001,24.91,9.3
ORD1084,2024-03-25,A,Mexico City,Returning,Female,Gaming,770.31,3,Cash,2310.93,1735.22,575.7099999999998,24.91,5.3
ORD1085,2024-03-26,B,Mexico City,New,Male,Smartphone,1482.29,1,Cash,1482.29,1113.01,369.28,24.91,8.1
ORD1086,2024-03-27,C,Monterrey,New,Female,Smartphone,247.84,1,Cash,247.84,186.1,61.74000000000001,24.91,7.6
ORD1087,2024-03-28,A,Mexico City,New,Female,Audio,1057.96,4,Cash,4231.84,3177.58,1054.2600000000002,24.91,5.8
ORD1088,2024-03-29,B,Monterrey,Returning,Male,Laptop,636.26,1,Cash,636.26,477.75,158.51,24.91,4.8
ORD1089,2024-03-30,A,Guadalajara,Returning,Male,Accessories,670.89,1,Ewallet,670.89,503.75,167.14,24.91,7.9
ORD1090,2024-03-31,A,Monterrey,Returning,Male,TV,1090.52,2,Ewallet,2181.04,1637.68,543.3599999999999,24.91,8.4
ORD1091,2024-04-01,A,Monterrey,Returning,Female,Laptop,1054.03,4,Ewallet,4216.12,3165.77,1050.35,24.91,5.9
ORD1092,2024-04-02,A,Guadalajara,Returning,Male,Gaming,1487.32,2,Ewallet,2974.64,2233.58,741.06,24.91,7.9
ORD1093,2024-04-03,C,Monterrey,New,Female,Smartphone,236.17,3,Cash,708.51,532.0,176.51,24.91,6.4
ORD1094,2024-04-04,A,Mexico City,Returning,Female,Audio,200.96,1,Ewallet,200.96,150.9,50.06,24.91,8.3
ORD1095,2024-04-05,A,Mexico City,New,Male,Audio,1100.29,3,Cash,3300.87,2478.54,822.3299999999999,24.91,5.2
ORD1096,2024-04-06,A,Monterrey,New,Male,Accessories,888.66,2,Ewallet,1777.32,1334.54,442.78,24.91,9.3
ORD1097,2024-04-07,C,Mexico City,Returning,Female,Laptop,447.53,1,Credit Card,447.53,336.04,111.48999999999995,24.91,5.7
ORD1098,2024-04-08,A,Monterrey,Returning,Female,Accessories,165.16,1,Ewallet,165.16,124.01,41.14999999999999,24.92,6.2
ORD1099,2024-04-09,A,Mexico City,New,Female,Smartphone,174.2,2,Ewallet,348.4,261.6,86.79999999999995,24.91,4.3
ORD1100,2024-04-10,C,Mexico City,New,Male,Accessories,1346.58,2,Cash,2693.16,2022.22,670.9399999999998,24.91,4.7
ORD1101,2024-04-11,C,Monterrey,New,Female,TV,328.21,2,Ewallet,656.42,492.89,163.52999999999997,24.91,7.1
ORD1102,2024-04-12,C,Mexico City,Returning,Male,Audio,518.89,2,Credit Card,1037.78,779.24,258.53999999999996,24.91,5.6
ORD1103,2024-04-13,A,Monterrey,Returning,Female,Audio,378.65,2,Cash,757.3,568.64,188.65999999999997,24.91,9.0
ORD1104,2024-04-14,C,Mexico City,Returning,Female,Gaming,564.74,1,Cash,564.74,424.05,140.69,24.91,4.1
ORD1105,2024-04-15,C,Mexico City,Returning,Male,Gaming,150.66,2,Ewallet,301.32,226.25,75.07,24.91,6.3
ORD1106,2024-04-16,A,Guadalajara,Returning,Female,Smartphone,802.64,1,Cash,802.64,602.68,199.96000000000004,24.91,6.0
ORD1107,2024-04-17,C,Guadalajara,New,Male,TV,148.04,1,Cash,148.04,111.16,36.879999999999995,24.91,4.1
ORD1108,2024-04-18,A,Monterrey,Returning,Male,Laptop,1210.52,2,Cash,2421.04,1817.89,603.1499999999999,24.91,4.7
ORD1109,2024-04-19,B,Guadalajara,New,Female,Accessories,388.88,2,Cash,777.76,584.0,193.76,24.91,6.5
ORD1110,2024-04-20,C,Monterrey,New,Male,Smartphone,833.02,4,Cash,3332.08,2501.97,830.1100000000001,24.91,7.0
ORD1111,2024-04-21,B,Guadalajara,New,Male,Gaming,1326.11,1,Cash,1326.11,995.74,330.3699999999999,24.91,6.4
ORD1112,2024-04-22,A,Mexico City,Returning,Female,Accessories,993.77,2,Credit Card,1987.54,1492.39,495.14999999999986,24.91,7.2
ORD1113,2024-04-23,C,Monterrey,Returning,Male,Gaming,822.79,2,Ewallet,1645.58,1235.62,409.96000000000004,24.91,7.6
ORD1114,2024-04-24,A,Monterrey,Returning,Male,Accessories,520.28,2,Credit Card,1040.56,781.33,259.2299999999999,24.91,4.1
ORD1115,2024-04-25,B,Mexico City,New,Male,Laptop,532.85,4,Cash,2131.4,1600.41,530.99,24.91,6.8
ORD1116,2024-04-26,A,Monterrey,New,Female,Smartphone,1020.76,4,Cash,4083.04,3065.85,1017.19,24.91,9.8
ORD1117,2024-04-27,C,Monterrey,New,Male,Accessories,1491.5,3,Ewallet,4474.5,3359.78,1114.7199999999998,24.91,7.1
ORD1118,2024-04-28,C,Guadalajara,New,Female,TV,1009.67,1,Credit Card,1009.67,758.13,251.53999999999996,24.91,8.1
ORD1119,2024-04-29,B,Monterrey,New,Female,Audio,858.79,3,Ewallet,2576.37,1934.53,641.8399999999999,24.91,5.9
ORD1120,2024-04-30,A,Mexico City,New,Male,TV,1109.44,2,Credit Card,2218.88,1666.1,552.7800000000002,24.91,8.6
ORD1121,2024-05-01,C,Guadalajara,Returning,Male,TV,724.55,4,Cash,2898.2,2176.18,722.02,24.91,8.6
ORD1122,2024-05-02,B,Guadalajara,Returning,Male,Audio,137.21,4,Ewallet,548.84,412.11,136.73000000000002,24.91,7.1
ORD1123,2024-05-03,C,Mexico City,Returning,Female,TV,865.33,3,Ewallet,2595.99,1949.26,646.7299999999998,24.91,9.9
ORD1124,2024-05-04,C,Mexico City,Returning,Male,Accessories,1438.56,4,Cash,5754.24,4320.71,1433.5299999999997,24.91,4.8
ORD1125,2024-05-05,A,Guadalajara,New,Male,Accessories,304.19,2,Ewallet,608.38,456.82,151.56,24.91,4.1
ORD1126,2024-05-06,C,Monterrey,New,Male,Accessories,1050.51,4,Credit Card,4202.04,3155.2,1046.8400000000001,24.91,8.6
ORD1127,2024-05-07,A,Guadalajara,Returning,Male,Audio,341.35,3,Credit Card,1024.05,768.93,255.12,24.91,8.8
ORD1128,2024-05-08,C,Mexico City,New,Male,TV,826.95,2,Credit Card,1653.9,1241.87,412.0300000000002,24.91,4.7
ORD1129,2024-05-09,B,Guadalajara,Returning,Female,Audio,190.18,3,Credit Card,570.54,428.4,142.14,24.91,5.6
ORD1130,2024-05-10,C,Mexico City,Returning,Female,Accessories,703.04,4,Cash,2812.16,2111.58,700.5799999999999,24.91,4.1
ORD1131,2024-05-11,A,Guadalajara,Returning,Male,TV,1146.44,3,Ewallet,3439.32,2582.49,856.8300000000004,24.91,5.8
ORD1132,2024-05-12,A,Monterrey,New,Male,TV,553.98,3,Credit Card,1661.94,1247.91,414.03,24.91,8.6
ORD1133,2024-05-13,B,Guadalajara,Returning,Male,Gaming,1014.12,1,Cash,1014.12,761.48,252.64,24.91,7.1
ORD1134,2024-05-14,C,Guadalajara,Returning,Male,Gaming,1203.4,4,Ewallet,4813.6,3614.4,1199.2000000000003,24.91,6.1
ORD1135,2024-05-15,C,Mexico City,Returning,Female,Laptop,1394.41,4,Ewallet,5577.64,4188.1,1389.54,24.91,6.2
ORD1136,2024-05-16,B,Mexico City,New,Male,Smartphone,390.23,3,Cash,1170.69,879.04,291.6500000000001,24.91,4.0
ORD1137,2024-05-17,C,Mexico City,New,Female,Gaming,629.01,1,Cash,629.01,472.31,156.7,24.91,5.8
ORD1138,2024-05-18,C,Guadalajara,Returning,Female,Audio,271.0,4,Credit Card,1084.0,813.95,270.04999999999995,24.91,7.9
ORD1139,2024-05-19,A,Monterrey,New,Male,Gaming,1489.1,2,Ewallet,2978.2,2236.25,741.9499999999998,24.91,9.8
ORD1140,2024-05-20,C,Mexico City,New,Female,Laptop,1394.15,3,Ewallet,4182.45,3140.49,1041.96,24.91,9.1
ORD1141,2024-05-21,C,Mexico City,New,Female,TV,832.94,4,Cash,3331.76,2501.73,830.0300000000002,24.91,4.1
ORD1142,2024-05-22,B,Guadalajara,New,Female,Laptop,1270.95,2,Ewallet,2541.9,1908.64,633.26,24.91,9.4
ORD1143,2024-05-23,B,Mexico City,New,Female,TV,805.39,4,Credit Card,3221.56,2418.98,802.5799999999999,24.91,8.7
ORD1144,2024-05-24,A,Monterrey,New,Male,TV,954.2,2,Ewallet,1908.4,1432.97,475.43000000000006,24.91,8.7
ORD1145,2024-05-25,C,Monterrey,New,Male,Smartphone,179.23,3,Cash,537.69,403.74,133.95000000000005,24.91,6.7
ORD1146,2024-05-26,C,Mexico City,New,Female,Gaming,1145.14,4,Cash,4580.56,3439.42,1141.1400000000003,24.91,6.4
ORD1147,2024-05-27,C,Mexico City,New,Male,Audio,235.18,4,Credit Card,940.72,706.36,234.36,24.91,5.8
ORD1148,2024-05-28,A,Guadalajara,New,Male,Audio,1247.8,1,Credit Card,1247.8,936.94,310.8599999999999,24.91,4.4
ORD1149,2024-05-29,A,Monterrey,Returning,Male,Accessories,1183.94,3,Ewallet,3551.82,2666.97,884.8500000000004,24.91,5.4
ORD1150,2024-05-30,B,Monterrey,Returning,Male,TV,1077.68,2,Ewallet,2155.36,1618.4,536.96,24.91,5.5
ORD1151,2024-05-31,A,Mexico City,New,Male,Audio,102.43,4,Cash,409.72,307.65,102.07000000000005,24.91,6.9
ORD1152,2024-06-01,C,Guadalajara,Returning,Female,Smartphone,489.54,4,Credit Card,1958.16,1470.33,487.83000000000015,24.91,8.5
ORD1153,2024-06-02,C,Monterrey,Returning,Male,TV,431.51,2,Credit Card,863.02,648.02,215.0,24.91,6.8
ORD1154,2024-06-03,A,Monterrey,New,Male,Smartphone,572.2,3,Credit Card,1716.6,1288.95,427.64999999999986,24.91,4.3
ORD1155,2024-06-04,C,Guadalajara,New,Male,Audio,177.08,1,Ewallet,177.08,132.96,44.120000000000005,24.92,9.7
ORD1156,2024-06-05,C,Guadalajara,New,Male,Audio,1408.59,1,Credit Card,1408.59,1057.67,350.91999999999985,24.91,9.7
ORD1157,2024-06-06,A,Monterrey,Returning,Female,Accessories,853.01,4,Cash,3412.04,2562.01,850.0299999999997,24.91,8.7
ORD1158,2024-06-07,A,Monterrey,Returning,Female,Audio,493.01,2,Cash,986.02,740.38,245.64,24.91,9.9
ORD1159,2024-06-08,C,Guadalajara,New,Female,TV,625.62,4,Ewallet,2502.48,1879.05,623.4300000000001,24.91,7.3
ORD1160,2024-06-09,C,Monterrey,New,Female,TV,698.44,2,Ewallet,1396.88,1048.88,348.0,24.91,9.8
ORD1161,2024-06-10,C,Mexico City,New,Male,TV,920.86,1,Credit Card,920.86,691.45,229.40999999999997,24.91,4.5
ORD1162,2024-06-11,B,Mexico City,Returning,Female,Accessories,797.74,3,Ewallet,2393.22,1797.0,596.2199999999998,24.91,6.2
ORD1163,2024-06-12,B,Guadalajara,Returning,Male,Accessories,1383.12,2,Cash,2766.24,2077.1,689.1399999999999,24.91,5.4
ORD1164,2024-06-13,B,Guadalajara,Returning,Male,Audio,770.6,1,Credit Card,770.6,578.62,191.98000000000002,24.91,5.2
ORD1165,2024-06-14,A,Guadalajara,Returning,Male,Laptop,1488.63,4,Cash,5954.52,4471.09,1483.4300000000003,24.91,4.8
ORD1166,2024-06-15,B,Mexico City,New,Male,Laptop,1284.57,2,Credit Card,2569.14,1929.1,640.04,24.91,7.7
ORD1167,2024-06-16,A,Monterrey,New,Male,Accessories,352.34,3,Ewallet,1057.02,793.69,263.3299999999999,24.91,8.7
ORD1168,2024-06-17,A,Mexico City,New,Female,Audio,1399.36,4,Credit Card,5597.44,4202.97,1394.4699999999993,24.91,7.5
ORD1169,2024-06-18,B,Monterrey,New,Female,Laptop,218.73,4,Credit Card,874.92,656.95,217.9699999999999,24.91,4.9
ORD1170,2024-06-19,B,Mexico City,Returning,Female,Audio,1235.3,1,Cash,1235.3,927.55,307.75,24.91,8.9
ORD1171,2024-06-20,B,Monterrey,Returning,Female,Audio,601.9,2,Cash,1203.8,903.9,299.9,24.91,7.8
ORD1172,2024-06-21,C,Mexico City,New,Male,Audio,1323.06,4,Credit Card,5292.24,3973.8,1318.4399999999996,24.91,6.3
ORD1173,2024-06-22,B,Guadalajara,New,Female,Gaming,1308.68,3,Ewallet,3926.04,2947.96,978.0799999999999,24.91,8.0
ORD1174,2024-06-23,C,Mexico City,Returning,Male,TV,1218.59,2,Ewallet,2437.18,1830.01,607.1699999999998,24.91,5.6
ORD1175,2024-06-24,A,Monterrey,New,Female,Audio,1195.54,3,Cash,3586.62,2693.1,893.52,24.91,6.1
ORD1176,2024-06-25,C,Mexico City,Returning,Male,Gaming,491.78,4,Ewallet,1967.12,1477.06,490.05999999999995,24.91,9.5
ORD1177,2024-06-26,B,Mexico City,New,Male,Accessories,167.33,3,Cash,501.99,376.93,125.06,24.91,5.7
ORD1178,2024-06-27,A,Mexico City,New,Female,Laptop,634.32,1,Ewallet,634.32,476.29,158.03000000000003,24.91,6.8
ORD1179,2024-06-28,A,Guadalajara,New,Male,TV,301.61,3,Credit Card,904.83,679.41,225.42000000000007,24.91,9.3
ORD1180,2024-06-29,A,Mexico City,New,Male,Laptop,1057.68,2,Cash,2115.36,1588.37,526.9900000000002,24.91,8.2
ORD1181,2024-06-30,C,Guadalajara,New,Female,TV,551.84,3,Cash,1655.52,1243.09,412.43000000000006,24.91,4.4
ORD1182,2024-07-01,B,Guadalajara,New,Male,Laptop,1464.63,3,Credit Card,4393.89,3299.25,1094.6400000000003,24.91,4.9
ORD1183,2024-07-02,A,Mexico City,New,Female,TV,979.41,1,Cash,979.41,735.41,244.0,24.91,4.0
ORD1184,2024-07-03,A,Mexico City,Returning,Female,Laptop,1242.6,3,Ewallet,3727.8,2799.11,928.69,24.91,7.8
ORD1185,2024-07-04,A,Mexico City,Returning,Female,Laptop,242.16,3,Ewallet,726.48,545.49,180.99,24.91,6.7
ORD1186,2024-07-05,C,Monterrey,Returning,Male,Laptop,1299.92,4,Cash,5199.68,3904.3,1295.38,24.91,4.8
ORD1187,2024-07-06,C,Mexico City,Returning,Male,Laptop,1388.0,4,Ewallet,5552.0,4168.85,1383.1499999999996,24.91,9.7
ORD1188,2024-07-07,B,Guadalajara,Returning,Male,Accessories,756.24,2,Cash,1512.48,1135.68,376.79999999999995,24.91,7.2
ORD1189,2024-07-08,C,Mexico City,New,Female,Audio,929.07,4,Credit Card,3716.28,2790.46,925.8200000000002,24.91,5.5
ORD1190,2024-07-09,A,Monterrey,New,Male,Smartphone,1158.97,4,Cash,4635.88,3480.96,1154.92,24.91,7.0
ORD1191,2024-07-10,B,Mexico City,Returning,Female,Gaming,303.52,4,Credit Card,1214.08,911.62,302.4599999999999,24.91,8.1
ORD1192,2024-07-11,A,Monterrey,New,Female,Smartphone,778.72,4,Ewallet,3114.88,2338.88,776.0,24.91,4.5
ORD1193,2024-07-12,A,Monterrey,Returning,Male,Smartphone,628.06,1,Credit Card,628.06,471.59,156.46999999999997,24.91,5.6
ORD1194,2024-07-13,C,Mexico City,Returning,Female,TV,262.24,4,Ewallet,1048.96,787.64,261.32000000000005,24.91,8.8
ORD1195,2024-07-14,B,Guadalajara,New,Male,Audio,582.92,1,Cash,582.92,437.7,145.21999999999997,24.91,6.8
ORD1196,2024-07-15,C,Monterrey,New,Male,TV,148.85,1,Ewallet,148.85,111.77,37.08,24.91,7.3
ORD1197,2024-07-16,C,Mexico City,New,Male,Audio,87.43,4,Cash,349.72,262.6,87.12,24.91,6.6
ORD1198,2024-07-17,B,Mexico City,Returning,Male,Audio,245.99,3,Cash,737.97,554.12,183.85000000000002,24.91,4.3
ORD1199,2024-07-18,A,Guadalajara,New,Male,Laptop,1446.52,1,Credit Card,1446.52,1086.15,360.3699999999999,24.91,5.0
ORD1200,2024-07-19,A,Monterrey,Returning,Female,Accessories,846.82,3,Credit Card,2540.46,1907.56,632.9000000000001,24.91,6.7
ORD1201,2024-07-20,B,Monterrey,Returning,Female,Laptop,1450.44,3,Credit Card,4351.32,3267.29,1084.0299999999997,24.91,5.3
ORD1202,2024-07-21,A,Mexico City,Returning,Female,Accessories,677.12,4,Credit Card,2708.48,2033.73,674.75,24.91,4.3
ORD1203,2024-07-22,B,Mexico City,New,Male,TV,502.13,2,Ewallet,1004.26,754.07,250.18999999999994,24.91,9.1
ORD1204,2024-07-23,B,Guadalajara,New,Male,Accessories,783.91,4,Ewallet,3135.64,2354.47,781.1700000000001,24.91,9.9
ORD1205,2024-07-24,C,Guadalajara,Returning,Male,TV,687.29,2,Ewallet,1374.58,1032.14,342.4399999999998,24.91,8.8
ORD1206,2024-07-25,B,Monterrey,New,Female,Smartphone,203.21,2,Cash,406.42,305.17,101.25,24.91,9.1
ORD1207,2024-07-26,C,Monterrey,New,Male,Smartphone,979.2,4,Ewallet,3916.8,2941.02,975.7800000000002,24.91,5.5
ORD1208,2024-07-27,A,Mexico City,New,Female,Accessories,363.26,4,Ewallet,1453.04,1091.05,361.99,24.91,9.8
ORD1209,2024-07-28,A,Monterrey,Returning,Female,Accessories,948.4,2,Ewallet,1896.8,1424.26,472.53999999999996,24.91,5.2
ORD1210,2024-07-29,A,Guadalajara,Returning,Male,TV,992.79,4,Credit Card,3971.16,2981.84,989.3199999999997,24.91,9.7
ORD1211,2024-07-30,A,Guadalajara,New,Male,Laptop,270.44,2,Ewallet,540.88,406.13,134.75,24.91,10.0
ORD1212,2024-07-31,C,Mexico City,Returning,Female,TV,138.96,3,Cash,416.88,313.02,103.86000000000001,24.91,8.3
ORD1213,2024-08-01,A,Guadalajara,New,Male,Laptop,1182.1,4,Credit Card,4728.4,3550.43,1177.9699999999998,24.91,9.9
ORD1214,2024-08-02,B,Guadalajara,New,Female,Smartphone,716.71,3,Cash,2150.13,1614.48,535.6500000000001,24.91,7.4
ORD1215,2024-08-03,B,Guadalajara,New,Male,Audio,134.34,1,Ewallet,134.34,100.87,33.47,24.91,5.6
ORD1216,2024-08-04,B,Guadalajara,New,Male,Accessories,1492.56,3,Credit Card,4477.68,3362.17,1115.5100000000002,24.91,6.6
ORD1217,2024-08-05,C,Mexico City,Returning,Female,Laptop,133.78,3,Cash,401.34,301.36,99.97999999999996,24.91,7.6
ORD1218,2024-08-06,A,Mexico City,Returning,Male,TV,1057.8,2,Ewallet,2115.6,1588.55,527.05,24.91,4.4
ORD1219,2024-08-07,A,Monterrey,Returning,Female,Smartphone,1476.33,3,Cash,4428.99,3325.61,1103.3799999999997,24.91,7.7
ORD1220,2024-08-08,A,Guadalajara,New,Male,Laptop,396.81,4,Cash,1587.24,1191.82,395.4200000000001,24.91,9.9
ORD1221,2024-08-09,C,Monterrey,New,Female,TV,256.26,2,Cash,512.52,384.84,127.68,24.91,5.1
ORD1222,2024-08-10,B,Mexico City,New,Female,Accessories,226.01,1,Ewallet,226.01,169.7,56.31,24.91,8.8
ORD1223,2024-08-11,B,Mexico City,Returning,Male,Accessories,489.75,4,Ewallet,1959.0,1470.96,488.03999999999996,24.91,9.4
ORD1224,2024-08-12,A,Mexico City,New,Female,Gaming,196.52,1,Cash,196.52,147.56,48.96000000000001,24.91,9.7
ORD1225,2024-08-13,B,Mexico City,Returning,Male,Audio,1053.63,3,Credit Card,3160.89,2373.43,787.46,24.91,9.8
ORD1226,2024-08-14,B,Mexico City,Returning,Male,Gaming,140.32,4,Credit Card,561.28,421.45,139.82999999999998,24.91,7.1
ORD1227,2024-08-15,C,Mexico City,Returning,Male,Smartphone,788.66,4,Ewallet,3154.64,2368.73,785.9099999999999,24.91,9.9
ORD1228,2024-08-16,C,Mexico City,Returning,Female,Laptop,1495.21,1,Ewallet,1495.21,1122.71,372.5,24.91,8.5
ORD1229,2024-08-17,C,Guadalajara,Returning,Female,Smartphone,1230.26,4,Ewallet,4921.04,3695.08,1225.96,24.91,5.0
ORD1230,2024-08-18,C,Monterrey,Returning,Male,TV,942.07,4,Ewallet,3768.28,2829.5,938.7800000000002,24.91,6.9
ORD1231,2024-08-19,A,Mexico City,New,Male,Accessories,494.07,4,Ewallet,1976.28,1483.94,492.3399999999999,24.91,8.3
ORD1232,2024-08-20,C,Guadalajara,New,Female,Gaming,954.65,3,Credit Card,2863.95,2150.46,713.4899999999998,24.91,5.5
ORD1233,2024-08-21,B,Guadalajara,Returning,Male,Gaming,814.21,1,Ewallet,814.21,611.37,202.84000000000003,24.91,7.8
ORD1234,2024-08-22,A,Monterrey,Returning,Male,Gaming,667.82,4,Cash,2671.28,2005.79,665.4900000000002,24.91,8.0
ORD1235,2024-08-23,B,Mexico City,New,Female,Smartphone,239.53,2,Cash,479.06,359.71,119.35000000000002,24.91,5.0
ORD1236,2024-08-24,B,Monterrey,Returning,Male,Accessories,1335.58,2,Credit Card,2671.16,2005.7,665.4599999999998,24.91,7.4
ORD1237,2024-08-25,B,Mexico City,Returning,Female,Laptop,702.19,2,Cash,1404.38,1054.51,349.8700000000001,24.91,8.6
ORD1238,2024-08-26,C,Guadalajara,New,Male,TV,332.2,2,Credit Card,664.4,498.88,165.51999999999998,24.91,7.0
ORD1239,2024-08-27,C,Guadalajara,Returning,Female,Laptop,583.25,3,Credit Card,1749.75,1313.84,435.9100000000001,24.91,4.1
ORD1240,2024-08-28,A,Guadalajara,Returning,Male,Smartphone,650.49,4,Cash,2601.96,1953.74,648.22,24.91,4.1
ORD1241,2024-08-29,A,Guadalajara,Returning,Male,TV,1249.93,1,Ewallet,1249.93,938.54,311.3900000000001,24.91,6.1
ORD1242,2024-08-30,C,Monterrey,New,Female,Gaming,1113.74,4,Cash,4454.96,3345.11,1109.85,24.91,9.6
ORD1243,2024-08-31,B,Mexico City,New,Male,Audio,1165.49,3,Cash,3496.47,2625.41,871.06,24.91,5.4
ORD1244,2024-09-01,A,Mexico City,New,Female,Smartphone,66.0,2,Credit Card,132.0,99.12,32.879999999999995,24.91,7.8
ORD1245,2024-09-02,C,Monterrey,Returning,Male,Smartphone,653.42,3,Cash,1960.26,1471.91,488.3499999999999,24.91,5.3
ORD1246,2024-09-03,C,Mexico City,Returning,Female,Accessories,747.95,4,Credit Card,2991.8,2246.46,745.3400000000001,24.91,5.9
ORD1247,2024-09-04,C,Guadalajara,New,Female,Laptop,77.83,1,Ewallet,77.83,58.44,19.39,24.91,9.1
ORD1248,2024-09-05,B,Mexico City,Returning,Female,Smartphone,426.73,3,Ewallet,1280.19,961.26,318.93000000000006,24.91,8.4
ORD1249,2024-09-06,C,Guadalajara,Returning,Female,Smartphone,1152.42,1,Ewallet,1152.42,865.32,287.1,24.91,4.6
ORD1250,2024-09-07,C,Monterrey,Returning,Male,Gaming,248.81,3,Cash,746.43,560.47,185.95999999999992,24.91,6.6
ORD1251,2024-09-08,C,Mexico City,Returning,Male,Gaming,826.2,1,Credit Card,826.2,620.37,205.83000000000004,24.91,4.2
ORD1252,2024-09-09,C,Monterrey,Returning,Female,TV,362.04,1,Ewallet,362.04,271.85,90.19,24.91,6.9
ORD1253,2024-09-10,A,Mexico City,New,Female,Audio,67.58,2,Credit Card,135.16,101.49,33.67,24.91,8.0
ORD1254,2024-09-11,A,Guadalajara,Returning,Female,Accessories,399.74,1,Credit Card,399.74,300.15,99.59000000000003,24.91,4.7
ORD1255,2024-09-12,C,Monterrey,New,Male,Audio,1465.02,2,Ewallet,2930.04,2200.09,729.9499999999998,24.91,5.7
ORD1256,2024-09-13,B,Mexico City,Returning,Male,TV,1212.23,4,Ewallet,4848.92,3640.92,1208.0,24.91,6.4
ORD1257,2024-09-14,A,Guadalajara,New,Male,Gaming,1441.39,4,Credit Card,5765.56,4329.2,1436.3600000000006,24.91,9.5
ORD1258,2024-09-15,C,Monterrey,Returning,Male,Laptop,757.39,2,Ewallet,1514.78,1137.41,377.3699999999999,24.91,10.0
ORD1259,2024-09-16,A,Monterrey,New,Female,Gaming,209.12,2,Credit Card,418.24,314.05,104.19,24.91,4.3
ORD1260,2024-09-17,A,Mexico City,Returning,Female,Accessories,844.54,3,Credit Card,2533.62,1902.43,631.1899999999998,24.91,8.6
ORD1261,2024-09-18,B,Mexico City,New,Female,Gaming,708.85,3,Ewallet,2126.55,1596.77,529.7800000000002,24.91,6.2
ORD1262,2024-09-19,C,Mexico City,Returning,Male,Accessories,1274.32,3,Cash,3822.96,2870.56,952.4000000000001,24.91,6.4
ORD1263,2024-09-20,C,Guadalajara,New,Male,Accessories,192.22,4,Ewallet,768.88,577.33,191.54999999999995,24.91,8.5
ORD1264,2024-09-21,B,Mexico City,Returning,Male,Accessories,757.95,3,Cash,2273.85,1707.37,566.48,24.91,9.5
ORD1265,2024-09-22,B,Monterrey,New,Female,TV,267.57,1,Credit Card,267.57,200.91,66.66,24.91,9.7
ORD1266,2024-09-23,C,Monterrey,New,Female,Accessories,520.78,1,Credit Card,520.78,391.04,129.73999999999995,24.91,7.5
ORD1267,2024-09-24,C,Mexico City,Returning,Male,Accessories,1119.17,3,Cash,3357.51,2521.06,836.4500000000003,24.91,6.1
ORD1268,2024-09-25,B,Mexico City,Returning,Female,Laptop,740.23,1,Credit Card,740.23,555.82,184.40999999999997,24.91,8.7
ORD1269,2024-09-26,A,Monterrey,New,Male,Audio,595.04,4,Cash,2380.16,1787.2,592.9599999999998,24.91,5.5
ORD1270,2024-09-27,A,Guadalajara,Returning,Male,Smartphone,621.99,1,Cash,621.99,467.04,154.95,24.91,7.4
ORD1271,2024-09-28,B,Mexico City,New,Female,Audio,716.2,4,Credit Card,2864.8,2151.1,713.7000000000003,24.91,6.2
ORD1272,2024-09-29,A,Mexico City,New,Male,Accessories,1188.27,2,Cash,2376.54,1784.48,592.06,24.91,7.9
ORD1273,2024-09-30,B,Monterrey,New,Female,Laptop,1343.52,2,Ewallet,2687.04,2017.63,669.4099999999999,24.91,5.4
ORD1274,2024-10-01,A,Mexico City,Returning,Male,Gaming,1435.24,2,Ewallet,2870.48,2155.37,715.1100000000001,24.91,5.1
ORD1275,2024-10-02,A,Guadalajara,New,Female,Laptop,1191.01,2,Credit Card,2382.02,1788.6,593.4200000000001,24.91,9.5
ORD1276,2024-10-03,C,Monterrey,New,Female,Accessories,507.34,1,Credit Card,507.34,380.95,126.38999999999999,24.91,4.6
ORD1277,2024-10-04,C,Mexico City,Returning,Female,Laptop,1047.8,3,Cash,3143.4,2360.3,783.0999999999999,24.91,7.0
ORD1278,2024-10-05,A,Monterrey,Returning,Male,Laptop,684.52,1,Cash,684.52,513.99,170.52999999999997,24.91,5.3
ORD1279,2024-10-06,A,Mexico City,Returning,Male,Accessories,419.27,4,Cash,1677.08,1259.27,417.80999999999995,24.91,4.2
ORD1280,2024-10-07,C,Mexico City,Returning,Female,TV,1269.26,1,Cash,1269.26,953.05,316.21000000000004,24.91,4.2
ORD1281,2024-10-08,C,Mexico City,New,Female,Laptop,105.72,1,Ewallet,105.72,79.38,26.340000000000003,24.91,5.1
ORD1282,2024-10-09,C,Guadalajara,New,Male,Smartphone,1357.55,4,Ewallet,5430.2,4077.39,1352.81,24.91,9.2
ORD1283,2024-10-10,B,Guadalajara,New,Male,Smartphone,719.14,2,Credit Card,1438.28,1079.97,358.30999999999995,24.91,5.7
ORD1284,2024-10-11,A,Monterrey,New,Male,Laptop,973.94,2,Cash,1947.88,1462.61,485.2700000000002,24.91,9.7
ORD1285,2024-10-12,C,Mexico City,Returning,Female,TV,1006.06,2,Cash,2012.12,1510.85,501.27,24.91,7.5
ORD1286,2024-10-13,A,Mexico City,New,Male,Gaming,1347.92,3,Credit Card,4043.76,3036.35,1007.4100000000003,24.91,6.6
ORD1287,2024-10-14,B,Guadalajara,New,Male,Accessories,973.17,4,Cash,3892.68,2922.91,969.77,24.91,7.5
ORD1288,2024-10-15,B,Mexico City,Returning,Female,Smartphone,940.2,4,Cash,3760.8,2823.88,936.9200000000001,24.91,7.1
ORD1289,2024-10-16,C,Guadalajara,New,Male,Gaming,146.65,1,Cash,146.65,110.12,36.53,24.91,8.6
ORD1290,2024-10-17,B,Mexico City,New,Male,Laptop,801.69,3,Cash,2405.07,1805.9,599.1700000000001,24.91,5.7
ORD1291,2024-10-18,A,Monterrey,New,Male,Gaming,267.75,2,Cash,535.5,402.09,133.41000000000003,24.91,6.1
ORD1292,2024-10-19,C,Mexico City,New,Female,Audio,1119.28,3,Credit Card,3357.84,2521.31,836.5300000000002,24.91,9.4
ORD1293,2024-10-20,A,Mexico City,New,Female,Smartphone,792.72,4,Cash,3170.88,2380.93,789.9500000000003,24.91,9.7
ORD1294,2024-10-21,A,Guadalajara,New,Female,Laptop,1036.33,4,Credit Card,4145.32,3112.61,1032.7099999999996,24.91,9.4
ORD1295,2024-10-22,B,Mexico City,Returning,Female,Accessories,110.43,1,Cash,110.43,82.92,27.510000000000005,24.91,6.5
ORD1296,2024-10-23,B,Mexico City,Returning,Female,TV,172.95,1,Ewallet,172.95,129.86,43.089999999999975,24.91,8.7
ORD1297,2024-10-24,B,Guadalajara,New,Female,Laptop,1088.67,4,Ewallet,4354.68,3269.81,1084.8700000000003,24.91,6.9
ORD1298,2024-10-25,B,Monterrey,New,Female,Accessories,154.52,2,Ewallet,309.04,232.05,76.99000000000001,24.91,7.0
ORD1299,2024-10-26,B,Monterrey,Returning,Male,TV,153.32,2,Ewallet,306.64,230.25,76.38999999999999,24.91,5.2
ORD1300,2024-10-27,C,Guadalajara,New,Male,TV,67.56,3,Credit Card,202.68,152.19,50.49000000000001,24.91,7.5
ORD1301,2024-10-28,A,Guadalajara,New,Female,Laptop,1436.93,4,Credit Card,5747.72,4315.81,1431.9099999999999,24.91,5.1
ORD1302,2024-10-29,A,Guadalajara,New,Male,Gaming,1119.39,4,Cash,4477.56,3362.08,1115.4800000000005,24.91,6.0
ORD1303,2024-10-30,A,Guadalajara,Returning,Male,Gaming,562.21,2,Ewallet,1124.42,844.3,280.1200000000001,24.91,9.1
ORD1304,2024-10-31,A,Guadalajara,New,Female,TV,479.98,2,Credit Card,959.96,720.81,239.1500000000001,24.91,5.2
ORD1305,2024-11-01,B,Monterrey,Returning,Male,Gaming,557.07,4,Cash,2228.28,1673.16,555.1200000000001,24.91,4.4
ORD1306,2024-11-02,A,Monterrey,New,Male,Audio,1173.25,1,Cash,1173.25,880.96,292.28999999999996,24.91,4.4
ORD1307,2024-11-03,C,Guadalajara,Returning,Male,TV,1008.99,4,Credit Card,4035.96,3030.49,1005.4700000000003,24.91,9.6
ORD1308,2024-11-04,C,Mexico City,Returning,Male,TV,318.53,4,Ewallet,1274.12,956.7,317.41999999999985,24.91,7.0
ORD1309,2024-11-05,A,Guadalajara,New,Male,Accessories,302.46,2,Cash,604.92,454.22,150.69999999999993,24.91,6.5
ORD1310,2024-11-06,A,Mexico City,Returning,Female,Gaming,192.67,2,Ewallet,385.34,289.34,96.0,24.91,8.9
ORD1311,2024-11-07,C,Guadalajara,New,Female,TV,1007.44,1,Ewallet,1007.44,756.46,250.98000000000002,24.91,9.0
ORD1312,2024-11-08,C,Guadalajara,Returning,Female,Audio,1158.34,1,Ewallet,1158.34,869.77,288.56999999999994,24.91,6.0
ORD1313,2024-11-09,B,Monterrey,New,Male,Accessories,434.32,3,Cash,1302.96,978.36,324.6,24.91,8.2
ORD1314,2024-11-10,C,Mexico City,New,Female,Laptop,80.37,4,Ewallet,321.48,241.39,80.09000000000003,24.91,8.6
ORD1315,2024-11-11,B,Mexico City,Returning,Male,TV,169.15,2,Cash,338.3,254.02,84.28,24.91,7.9
ORD1316,2024-11-12,B,Monterrey,New,Male,Audio,1453.4,1,Ewallet,1453.4,1091.32,362.08000000000015,24.91,4.9
ORD1317,2024-11-13,B,Monterrey,New,Male,Smartphone,478.39,3,Cash,1435.17,1077.63,357.53999999999996,24.91,9.3
ORD1318,2024-11-14,B,Monterrey,Returning,Male,Audio,1165.37,3,Ewallet,3496.11,2625.14,870.9700000000003,24.91,7.2
ORD1319,2024-11-15,B,Monterrey,New,Female,Audio,955.76,2,Credit Card,1911.52,1435.31,476.21000000000004,24.91,5.7
ORD1320,2024-11-16,A,Mexico City,New,Female,Accessories,603.81,2,Ewallet,1207.62,906.77,300.8499999999999,24.91,6.6
ORD1321,2024-11-17,C,Mexico City,Returning,Male,Laptop,348.25,3,Ewallet,1044.75,784.47,260.28,24.91,4.2
ORD1322,2024-11-18,B,Guadalajara,Returning,Female,Smartphone,226.01,1,Cash,226.01,169.7,56.31,24.91,4.8
ORD1323,2024-11-19,C,Guadalajara,New,Male,Gaming,941.77,3,Cash,2825.31,2121.45,703.8600000000001,24.91,8.6
ORD1324,2024-11-20,C,Monterrey,New,Female,Gaming,1173.22,4,Ewallet,4692.88,3523.76,1169.12,24.91,4.0
ORD1325,2024-11-21,B,Monterrey,Returning,Female,Audio,983.66,4,Credit Card,3934.64,2954.42,980.2199999999998,24.91,6.5
ORD1326,2024-11-22,A,Monterrey,Returning,Male,Accessories,818.94,2,Credit Card,1637.88,1229.84,408.0400000000002,24.91,7.1
ORD1327,2024-11-23,B,Guadalajara,New,Female,Accessories,110.83,1,Cash,110.83,83.22,27.61,24.91,4.3
ORD1328,2024-11-24,A,Guadalajara,Returning,Male,Gaming,1454.31,1,Credit Card,1454.31,1092.0,362.30999999999995,24.91,9.8
ORD1329,2024-11-25,C,Guadalajara,New,Female,Smartphone,1208.14,4,Ewallet,4832.56,3628.64,1203.9200000000005,24.91,5.4
ORD1330,2024-11-26,A,Guadalajara,New,Male,Laptop,474.59,3,Cash,1423.77,1069.07,354.70000000000005,24.91,5.8
ORD1331,2024-11-27,A,Guadalajara,New,Male,Smartphone,1470.96,2,Ewallet,2941.92,2209.01,732.9099999999999,24.91,5.8
ORD1332,2024-11-28,A,Guadalajara,New,Female,TV,922.73,3,Cash,2768.19,2078.56,689.6300000000001,24.91,5.4
ORD1333,2024-11-29,C,Guadalajara,New,Female,TV,894.51,3,Cash,2683.53,2014.99,668.5400000000002,24.91,4.0
ORD1334,2024-11-30,C,Monterrey,Returning,Male,Laptop,1134.71,3,Cash,3404.13,2556.07,848.06,24.91,8.4
ORD1335,2024-12-01,A,Monterrey,Returning,Female,Gaming,1227.07,1,Cash,1227.07,921.37,305.69999999999993,24.91,9.8
ORD1336,2024-12-02,A,Monterrey,Returning,Female,Laptop,1001.89,4,Credit Card,4007.56,3009.17,998.3899999999999,24.91,5.3
ORD1337,2024-12-03,B,Monterrey,Returning,Male,Accessories,235.74,1,Ewallet,235.74,177.01,58.73000000000002,24.91,8.0
ORD1338,2024-12-04,A,Guadalajara,New,Male,TV,540.49,4,Ewallet,2161.96,1623.36,538.6000000000001,24.91,8.5
ORD1339,2024-12-05,B,Mexico City,New,Female,Audio,1395.72,2,Ewallet,2791.44,2096.02,695.4200000000001,24.91,9.1
ORD1340,2024-12-06,A,Guadalajara,New,Male,Audio,375.69,2,Cash,751.38,564.19,187.18999999999994,24.91,6.5
ORD1341,2024-12-07,B,Mexico City,New,Male,Gaming,589.64,3,Credit Card,1768.92,1328.23,440.69000000000005,24.91,5.8
ORD1342,2024-12-08,C,Monterrey,Returning,Male,Accessories,676.51,4,Ewallet,2706.04,2031.89,674.1499999999999,24.91,6.0
ORD1343,2024-12-09,A,Guadalajara,New,Female,Smartphone,687.14,4,Credit Card,2748.56,2063.82,684.7399999999998,24.91,8.3
ORD1344,2024-12-10,A,Monterrey,New,Female,Accessories,938.76,4,Cash,3755.04,2819.56,935.48,24.91,8.9
ORD1345,2024-12-11,A,Guadalajara,Returning,Male,Audio,1417.46,3,Ewallet,4252.38,3193.0,1059.38,24.91,5.1
ORD1346,2024-12-12,A,Monterrey,Returning,Female,Audio,399.0,3,Credit Card,1197.0,898.8,298.20000000000005,24.91,6.2
ORD1347,2024-12-13,B,Mexico City,Returning,Male,TV,226.18,2,Cash,452.36,339.67,112.69,24.91,9.4
ORD1348,2024-12-14,A,Mexico City,Returning,Female,Accessories,336.33,1,Credit Card,336.33,252.54,83.78999999999999,24.91,8.8
ORD1349,2024-12-15,C,Mexico City,New,Male,Accessories,1336.04,4,Ewallet,5344.16,4012.79,1331.37,24.91,9.9
ORD1350,2024-12-16,C,Guadalajara,New,Male,Audio,986.43,4,Ewallet,3945.72,2962.74,982.98,24.91,8.5
ORD1351,2024-12-17,A,Mexico City,Returning,Female,Smartphone,464.56,1,Cash,464.56,348.83,115.73000000000002,24.91,6.4
ORD1352,2024-12-18,C,Guadalajara,New,Male,Gaming,1233.12,4,Cash,4932.48,3703.67,1228.8099999999995,24.91,7.5
ORD1353,2024-12-19,A,Mexico City,New,Female,Gaming,1298.99,3,Cash,3896.97,2926.13,970.8399999999997,24.91,8.0
ORD1354,2024-12-20,A,Mexico City,New,Female,Accessories,1277.45,3,Credit Card,3832.35,2877.61,954.7399999999998,24.91,4.5
ORD1355,2024-12-21,C,Guadalajara,Returning,Male,Gaming,1382.44,4,Credit Card,5529.76,4152.15,1377.6100000000006,24.91,7.3
ORD1356,2024-12-22,A,Guadalajara,New,Male,Audio,415.75,3,Credit Card,1247.25,936.53,310.72,24.91,8.3
ORD1357,2024-12-23,C,Mexico City,Returning,Female,Audio,1144.81,3,Cash,3434.43,2578.82,855.6099999999997,24.91,5.0
ORD1358,2024-12-24,B,Guadalajara,New,Male,Accessories,717.78,4,Ewallet,2871.12,2155.85,715.27,24.91,8.7
ORD1359,2024-12-25,A,Mexico City,New,Male,Accessories,1270.9,2,Ewallet,2541.8,1908.57,633.2300000000002,24.91,7.5
ORD1360,2024-12-26,B,Guadalajara,New,Male,TV,1106.31,1,Credit Card,1106.31,830.7,275.6099999999999,24.91,9.7
ORD1361,2024-12-27,C,Monterrey,Returning,Male,Accessories,1175.85,3,Credit Card,3527.55,2648.74,878.8100000000004,24.91,4.3
ORD1362,2024-12-28,B,Monterrey,New,Male,Smartphone,1001.43,2,Ewallet,2002.86,1503.89,498.9699999999998,24.91,5.6
ORD1363,2024-12-29,B,Monterrey,Returning,Female,Gaming,307.27,3,Ewallet,921.81,692.16,229.64999999999998,24.91,7.6
ORD1364,2024-12-30,C,Monterrey,Returning,Female,Accessories,840.29,3,Credit Card,2520.87,1892.85,628.02,24.91,5.8
ORD1365,2024-12-31,B,Monterrey,Returning,Male,Laptop,1477.77,1,Credit Card,1477.77,1109.62,368.1500000000001,24.91,8.3
ORD1366,2025-01-01,B,Mexico City,New,Male,TV,1409.21,3,Ewallet,4227.63,3174.41,1053.2200000000003,24.91,8.6
ORD1367,2025-01-02,C,Monterrey,New,Male,Laptop,112.6,1,Cash,112.6,84.55,28.049999999999997,24.91,4.6
ORD1368,2025-01-03,B,Monterrey,New,Female,Audio,288.98,1,Credit Card,288.98,216.99,71.99000000000001,24.91,7.1
ORD1369,2025-01-04,C,Monterrey,New,Male,Gaming,241.01,1,Ewallet,241.01,180.97,60.03999999999999,24.91,7.1
ORD1370,2025-01-05,B,Monterrey,Returning,Female,Accessories,1102.67,2,Ewallet,2205.34,1655.93,549.4100000000001,24.91,6.2
ORD1371,2025-01-06,C,Guadalajara,Returning,Female,Laptop,1235.79,4,Ewallet,4943.16,3711.69,1231.4699999999998,24.91,9.6
ORD1372,2025-01-07,C,Mexico City,Returning,Female,Gaming,359.59,2,Ewallet,719.18,540.01,179.16999999999996,24.91,9.0
ORD1373,2025-01-08,B,Monterrey,New,Male,Audio,783.49,4,Cash,3133.96,2353.21,780.75,24.91,8.2
ORD1374,2025-01-09,B,Monterrey,Returning,Female,Smartphone,1269.02,4,Ewallet,5076.08,3811.49,1264.5900000000001,24.91,8.3
ORD1375,2025-01-10,B,Monterrey,New,Male,TV,1112.56,1,Credit Card,1112.56,835.39,277.16999999999996,24.91,6.8
ORD1376,2025-01-11,A,Mexico City,Returning,Female,Gaming,836.24,3,Cash,2508.72,1883.73,624.9899999999998,24.91,9.5
ORD1377,2025-01-12,A,Guadalajara,New,Male,Gaming,906.0,1,Ewallet,906.0,680.29,225.71000000000004,24.91,8.2
ORD1378,2025-01-13,A,Mexico City,New,Female,Smartphone,787.12,3,Cash,2361.36,1773.08,588.2800000000002,24.91,8.4
ORD1379,2025-01-14,C,Guadalajara,Returning,Male,Gaming,481.45,4,Credit Card,1925.8,1446.03,479.77,24.91,9.2
ORD1380,2025-01-15,B,Monterrey,Returning,Female,Audio,869.28,1,Ewallet,869.28,652.72,216.55999999999995,24.91,5.6
ORD1381,2025-01-16,C,Monterrey,Returning,Male,Audio,1048.88,3,Credit Card,3146.64,2362.73,783.9099999999999,24.91,8.8
ORD1382,2025-01-17,A,Mexico City,Returning,Male,Smartphone,1316.32,2,Ewallet,2632.64,1976.78,655.8599999999999,24.91,5.2
ORD1383,2025-01-18,B,Mexico City,New,Male,TV,972.62,3,Ewallet,2917.86,2190.94,726.9200000000001,24.91,6.1
ORD1384,2025-01-19,C,Guadalajara,Returning,Male,Accessories,1153.63,1,Ewallet,1153.63,866.23,287.4000000000001,24.91,6.0
ORD1385,2025-01-20,B,Guadalajara,Returning,Female,Laptop,282.1,2,Ewallet,564.2,423.64,140.56000000000006,24.91,9.9
ORD1386,2025-01-21,C,Mexico City,Returning,Female,Accessories,719.26,3,Ewallet,2157.78,1620.22,537.5600000000002,24.91,9.1
ORD1387,2025-01-22,B,Guadalajara,New,Male,Gaming,63.53,3,Cash,190.59,143.11,47.47999999999999,24.91,8.2
ORD1388,2025-01-23,A,Mexico City,New,Female,Laptop,407.68,3,Ewallet,1223.04,918.35,304.68999999999994,24.91,8.4
ORD1389,2025-01-24,A,Guadalajara,Returning,Male,Smartphone,1103.37,3,Ewallet,3310.11,2485.47,824.6400000000003,24.91,7.4
ORD1390,2025-01-25,B,Mexico City,New,Male,Smartphone,1488.12,3,Cash,4464.36,3352.17,1112.1899999999996,24.91,9.7
ORD1391,2025-01-26,C,Mexico City,Returning,Female,TV,193.81,2,Cash,387.62,291.05,96.57,24.91,7.0
ORD1392,2025-01-27,A,Mexico City,New,Male,Laptop,632.17,4,Cash,2528.68,1898.72,629.9599999999998,24.91,6.3
ORD1393,2025-01-28,A,Guadalajara,New,Male,Audio,1210.1,2,Cash,2420.2,1817.26,602.9399999999998,24.91,5.0
ORD1394,2025-01-29,A,Guadalajara,New,Female,Laptop,345.85,2,Cash,691.7,519.38,172.32000000000005,24.91,8.7
ORD1395,2025-01-30,B,Guadalajara,New,Male,Gaming,854.87,2,Cash,1709.74,1283.8,425.94000000000005,24.91,8.4
ORD1396,2025-01-31,B,Mexico City,Returning,Male,Audio,1112.95,4,Ewallet,4451.8,3342.74,1109.0600000000004,24.91,6.3
ORD1397,2025-02-01,C,Guadalajara,Returning,Male,Smartphone,943.18,1,Ewallet,943.18,708.21,234.9699999999999,24.91,4.2
ORD1398,2025-02-02,C,Guadalajara,Returning,Male,Laptop,322.64,4,Credit Card,1290.56,969.05,321.51,24.91,9.0
ORD1399,2025-02-03,C,Mexico City,New,Female,Accessories,565.31,2,Ewallet,1130.62,848.95,281.66999999999985,24.91,4.1
ORD1400,2025-02-04,B,Monterrey,Returning,Female,TV,1186.5,3,Ewallet,3559.5,2672.73,886.77,24.91,8.2
ORD1401,2025-02-05,B,Mexico City,Returning,Female,Accessories,853.63,3,Cash,2560.89,1922.9,637.9899999999998,24.91,9.8
ORD1402,2025-02-06,C,Guadalajara,Returning,Male,TV,57.58,2,Cash,115.16,86.47,28.689999999999998,24.91,6.6
ORD1403,2025-02-07,C,Mexico City,New,Male,Gaming,1153.44,3,Ewallet,3460.32,2598.26,862.06,24.91,5.4
ORD1404,2025-02-08,B,Monterrey,New,Female,Accessories,101.2,2,Credit Card,202.4,151.98,50.420000000000016,24.91,8.2
ORD1405,2025-02-09,C,Mexico City,New,Male,Laptop,1131.31,3,Cash,3393.93,2548.41,845.52,24.91,8.9
ORD1406,2025-02-10,A,Guadalajara,Returning,Male,Laptop,343.6,4,Ewallet,1374.4,1032.0,342.4000000000001,24.91,7.3
ORD1407,2025-02-11,B,Monterrey,Returning,Male,Accessories,1439.21,1,Ewallet,1439.21,1080.66,358.54999999999995,24.91,9.8
ORD1408,2025-02-12,C,Guadalajara,Returning,Male,Laptop,583.51,1,Credit Card,583.51,438.14,145.37,24.91,4.3
ORD1409,2025-02-13,B,Monterrey,New,Female,Gaming,524.05,4,Credit Card,2096.2,1573.98,522.2199999999998,24.91,7.0
ORD1410,2025-02-14,A,Monterrey,New,Female,Audio,265.89,4,Cash,1063.56,798.6,264.9599999999999,24.91,8.3
ORD1411,2025-02-15,B,Mexico City,Returning,Female,Gaming,493.13,2,Credit Card,986.26,740.56,245.70000000000005,24.91,9.2
ORD1412,2025-02-16,B,Mexico City,New,Male,TV,1321.14,2,Ewallet,2642.28,1984.02,658.2600000000002,24.91,5.1
ORD1413,2025-02-17,B,Guadalajara,New,Female,Gaming,1494.68,2,Ewallet,2989.36,2244.63,744.73,24.91,8.8
ORD1414,2025-02-18,B,Mexico City,New,Female,TV,584.05,3,Credit Card,1752.15,1315.64,436.51,24.91,7.3
ORD1415,2025-02-19,A,Mexico City,New,Male,Laptop,700.49,2,Credit Card,1400.98,1051.96,349.02,24.91,6.4
ORD1416,2025-02-20,B,Monterrey,Returning,Male,Audio,1097.0,4,Credit Card,4388.0,3294.83,1093.17,24.91,4.8
ORD1417,2025-02-21,B,Mexico City,New,Female,Laptop,1334.98,1,Credit Card,1334.98,1002.4,332.58000000000004,24.91,9.2
ORD1418,2025-02-22,C,Monterrey,New,Female,Smartphone,909.91,3,Cash,2729.73,2049.68,680.0500000000002,24.91,4.9
ORD1419,2025-02-23,B,Monterrey,New,Female,Laptop,617.71,2,Credit Card,1235.42,927.64,307.7800000000001,24.91,5.9
ORD1420,2025-02-24,C,Monterrey,New,Female,TV,648.3,3,Cash,1944.9,1460.37,484.5300000000002,24.91,5.7
ORD1421,2025-02-25,A,Guadalajara,Returning,Male,Laptop,1058.65,3,Ewallet,3175.95,2384.74,791.21,24.91,9.2
ORD1422,2025-02-26,A,Guadalajara,Returning,Female,Laptop,54.67,2,Credit Card,109.34,82.1,27.24000000000001,24.91,8.0
ORD1423,2025-02-27,A,Guadalajara,New,Female,Audio,948.4,3,Cash,2845.2,2136.38,708.8199999999997,24.91,8.8
ORD1424,2025-02-28,A,Monterrey,New,Male,Laptop,565.46,1,Credit Card,565.46,424.59,140.87000000000006,24.91,5.5
ORD1425,2025-03-01,C,Guadalajara,New,Female,Audio,1201.59,4,Ewallet,4806.36,3608.97,1197.3899999999999,24.91,7.7
ORD1426,2025-03-02,B,Guadalajara,New,Male,Accessories,184.84,4,Ewallet,739.36,555.17,184.19000000000005,24.91,7.4
ORD1427,2025-03-03,A,Mexico City,New,Male,Smartphone,902.89,1,Ewallet,902.89,677.96,224.92999999999995,24.91,9.0
ORD1428,2025-03-04,B,Guadalajara,New,Male,Audio,747.41,3,Credit Card,2242.23,1683.63,558.5999999999999,24.91,9.4
ORD1429,2025-03-05,C,Guadalajara,Returning,Female,TV,981.37,2,Credit Card,1962.74,1473.77,488.97,24.91,4.1
ORD1430,2025-03-06,C,Monterrey,New,Female,Accessories,144.04,3,Cash,432.12,324.47,107.64999999999998,24.91,8.0
ORD1431,2025-03-07,C,Monterrey,Returning,Male,Audio,890.98,1,Ewallet,890.98,669.01,221.97000000000003,24.91,4.3
ORD1432,2025-03-08,A,Monterrey,Returning,Female,Audio,864.15,3,Credit Card,2592.45,1946.6,645.8499999999999,24.91,7.3
ORD1433,2025-03-09,B,Monterrey,New,Female,Smartphone,862.96,4,Ewallet,3451.84,2591.89,859.9500000000003,24.91,5.7
ORD1434,2025-03-10,B,Monterrey,Returning,Male,TV,925.06,3,Ewallet,2775.18,2083.81,691.3699999999999,24.91,5.8
ORD1435,2025-03-11,B,Monterrey,Returning,Male,Gaming,1030.88,1,Cash,1030.88,774.06,256.82000000000016,24.91,6.1
ORD1436,2025-03-12,C,Guadalajara,Returning,Female,Gaming,1217.23,4,Cash,4868.92,3655.94,1212.98,24.91,7.7
ORD1437,2025-03-13,A,Monterrey,Returning,Male,Audio,441.24,3,Cash,1323.72,993.95,329.77,24.91,6.0
ORD1438,2025-03-14,C,Monterrey,Returning,Female,Laptop,1246.32,3,Cash,3738.96,2807.49,931.4700000000003,24.91,8.4
ORD1439,2025-03-15,C,Mexico City,Returning,Female,TV,772.47,4,Ewallet,3089.88,2320.11,769.77,24.91,6.4
ORD1440,2025-03-16,B,Guadalajara,New,Female,Accessories,161.73,2,Cash,323.46,242.88,80.57999999999998,24.91,4.4
ORD1441,2025-03-17,C,Guadalajara,Returning,Female,Laptop,134.9,4,Cash,539.6,405.17,134.43,24.91,8.7
ORD1442,2025-03-18,B,Guadalajara,Returning,Male,Laptop,534.65,2,Cash,1069.3,802.91,266.39,24.91,5.7
ORD1443,2025-03-19,A,Monterrey,Returning,Male,TV,1188.1,1,Cash,1188.1,892.11,295.9899999999999,24.91,6.6
ORD1444,2025-03-20,B,Monterrey,New,Male,Audio,1076.14,1,Ewallet,1076.14,808.04,268.10000000000014,24.91,8.1
ORD1445,2025-03-21,A,Monterrey,Returning,Male,Audio,1193.49,4,Cash,4773.96,3584.64,1189.3200000000002,24.91,6.0
ORD1446,2025-03-22,B,Mexico City,New,Female,Audio,800.04,4,Ewallet,3200.16,2402.91,797.25,24.91,4.3
ORD1447,2025-03-23,C,Monterrey,Returning,Female,Audio,688.29,1,Credit Card,688.29,516.82,171.4699999999999,24.91,6.2
ORD1448,2025-03-24,C,Mexico City,New,Male,Gaming,263.81,2,Ewallet,527.62,396.18,131.44,24.91,9.7
ORD1449,2025-03-25,A,Guadalajara,New,Female,Audio,525.88,1,Ewallet,525.88,394.87,131.01,24.91,7.9
ORD1450,2025-03-26,A,Monterrey,Returning,Female,Gaming,679.33,4,Cash,2717.32,2040.36,676.9600000000003,24.91,8.0
ORD1451,2025-03-27,A,Mexico City,Returning,Female,Gaming,178.47,1,Credit Card,178.47,134.01,44.46000000000001,24.91,7.8
ORD1452,2025-03-28,B,Mexico City,New,Male,Audio,369.89,4,Credit Card,1479.56,1110.96,368.5999999999999,24.91,5.2
ORD1453,2025-03-29,B,Monterrey,Returning,Male,Smartphone,917.43,4,Credit Card,3669.72,2755.49,914.23,24.91,6.5
ORD1454,2025-03-30,A,Guadalajara,New,Male,Accessories,1116.71,1,Credit Card,1116.71,838.51,278.20000000000005,24.91,8.5
ORD1455,2025-03-31,C,Guadalajara,New,Female,Laptop,1497.6,2,Ewallet,2995.2,2249.02,746.1799999999998,24.91,4.6
ORD1456,2025-04-01,B,Guadalajara,New,Male,Gaming,1403.01,3,Credit Card,4209.03,3160.45,1048.58,24.91,5.7
ORD1457,2025-04-02,B,Mexico City,New,Male,TV,981.72,1,Ewallet,981.72,737.15,244.57000000000005,24.91,5.7
ORD1458,2025-04-03,B,Mexico City,New,Male,TV,660.81,3,Ewallet,1982.43,1488.55,493.8800000000001,24.91,6.6
ORD1459,2025-04-04,A,Mexico City,Returning,Male,Accessories,972.46,1,Ewallet,972.46,730.19,242.26999999999998,24.91,9.9
ORD1460,2025-04-05,A,Mexico City,New,Male,TV,1189.19,3,Credit Card,3567.57,2678.79,888.7800000000002,24.91,4.4
ORD1461,2025-04-06,A,Guadalajara,New,Male,Smartphone,221.59,2,Cash,443.18,332.77,110.41000000000003,24.91,7.1
ORD1462,2025-04-07,A,Monterrey,Returning,Female,TV,644.36,2,Cash,1288.72,967.67,321.05000000000007,24.91,5.1
ORD1463,2025-04-08,A,Mexico City,New,Female,Laptop,1267.71,1,Credit Card,1267.71,951.89,315.82000000000005,24.91,9.8
ORD1464,2025-04-09,C,Mexico City,Returning,Male,Laptop,606.56,4,Cash,2426.24,1821.8,604.4399999999998,24.91,4.7
ORD1465,2025-04-10,C,Guadalajara,Returning,Male,Gaming,879.21,3,Cash,2637.63,1980.53,657.1000000000001,24.91,6.4
ORD1466,2025-04-11,A,Monterrey,Returning,Female,Audio,902.27,4,Ewallet,3609.08,2709.96,899.1199999999999,24.91,8.4
ORD1467,2025-04-12,B,Monterrey,New,Female,Smartphone,317.49,4,Ewallet,1269.96,953.58,316.38,24.91,8.2
ORD1468,2025-04-13,A,Guadalajara,New,Male,Gaming,575.24,4,Credit Card,2300.96,1727.73,573.23,24.91,6.5
ORD1469,2025-04-14,C,Guadalajara,New,Male,Smartphone,535.04,2,Credit Card,1070.08,803.49,266.5899999999999,24.91,6.1
ORD1470,2025-04-15,C,Monterrey,Returning,Male,Audio,87.99,1,Cash,87.99,66.07,21.92,24.91,6.4
ORD1471,2025-04-16,B,Mexico City,New,Male,TV,85.08,1,Ewallet,85.08,63.88,21.199999999999996,24.92,5.6
ORD1472,2025-04-17,C,Monterrey,Returning,Female,TV,1255.96,2,Credit Card,2511.92,1886.13,625.79,24.91,5.2
ORD1473,2025-04-18,A,Guadalajara,New,Male,Audio,445.95,2,Credit Card,891.9,669.7,222.19999999999993,24.91,6.9
ORD1474,2025-04-19,B,Mexico City,Returning,Male,Gaming,801.21,1,Credit Card,801.21,601.61,199.60000000000002,24.91,5.6
ORD1475,2025-04-20,A,Mexico City,New,Male,Audio,483.15,4,Credit Card,1932.6,1451.14,481.4599999999998,24.91,5.7
ORD1476,2025-04-21,A,Guadalajara,New,Male,Accessories,1413.98,3,Credit Card,4241.94,3185.16,1056.7799999999997,24.91,7.9
ORD1477,2025-04-22,B,Guadalajara,New,Female,Laptop,425.98,3,Credit Card,1277.94,959.57,318.37,24.91,9.8
ORD1478,2025-04-23,A,Guadalajara,Returning,Female,Gaming,673.0,3,Cash,2019.0,1516.01,502.99,24.91,7.6
ORD1479,2025-04-24,C,Monterrey,Returning,Female,Smartphone,1315.46,4,Ewallet,5261.84,3950.98,1310.8600000000001,24.91,4.5
ORD1480,2025-04-25,A,Monterrey,New,Male,Accessories,1270.8,1,Ewallet,1270.8,954.21,316.5899999999999,24.91,4.5
ORD1481,2025-04-26,B,Mexico City,New,Male,Gaming,319.85,2,Credit Card,639.7,480.33,159.37000000000006,24.91,9.7
ORD1482,2025-04-27,B,Guadalajara,Returning,Female,Audio,1213.83,1,Ewallet,1213.83,911.43,302.4,24.91,5.8
ORD1483,2025-04-28,B,Mexico City,Returning,Male,Audio,714.37,4,Ewallet,2857.48,2145.61,711.8699999999999,24.91,4.6
ORD1484,2025-04-29,A,Mexico City,Returning,Male,Audio,750.3,2,Ewallet,1500.6,1126.76,373.8399999999999,24.91,7.6
ORD1485,2025-04-30,B,Mexico City,New,Female,Audio,243.55,4,Credit Card,974.2,731.5,242.70000000000005,24.91,7.7
ORD1486,2025-05-01,B,Mexico City,Returning,Female,Smartphone,166.87,3,Credit Card,500.61,375.89,124.72000000000003,24.91,7.9
ORD1487,2025-05-02,A,Guadalajara,New,Female,Accessories,1105.51,3,Ewallet,3316.53,2490.29,826.2400000000002,24.91,5.6
ORD1488,2025-05-03,C,Mexico City,Returning,Female,TV,769.87,4,Ewallet,3079.48,2312.3,767.1799999999998,24.91,4.1
ORD1489,2025-05-04,A,Guadalajara,New,Male,Laptop,683.43,2,Credit Card,1366.86,1026.34,340.52,24.91,9.8
ORD1490,2025-05-05,B,Guadalajara,Returning,Male,Smartphone,1107.79,2,Cash,2215.58,1663.62,551.96,24.91,5.5
ORD1491,2025-05-06,B,Monterrey,Returning,Female,Smartphone,1159.99,1,Ewallet,1159.99,871.01,288.98,24.91,8.1
ORD1492,2025-05-07,A,Guadalajara,Returning,Male,TV,280.42,3,Cash,841.26,631.68,209.58000000000004,24.91,8.2
ORD1493,2025-05-08,C,Monterrey,Returning,Female,TV,934.83,1,Ewallet,934.83,701.94,232.89,24.91,7.7
ORD1494,2025-05-09,B,Guadalajara,Returning,Female,Laptop,246.26,1,Cash,246.26,184.91,61.349999999999994,24.91,5.9
ORD1495,2025-05-10,B,Guadalajara,New,Male,Laptop,1139.49,4,Cash,4557.96,3422.45,1135.5100000000002,24.91,5.6
ORD1496,2025-05-11,B,Guadalajara,Returning,Female,TV,1002.58,4,Cash,4010.32,3011.24,999.0800000000004,24.91,7.6
ORD1497,2025-05-12,A,Monterrey,Returning,Male,Audio,1437.09,1,Credit Card,1437.09,1079.07,358.02,24.91,9.2
ORD1498,2025-05-13,B,Monterrey,Returning,Male,Smartphone,149.99,3,Cash,449.97,337.87,112.10000000000002,24.91,9.7
ORD1499,2025-05-14,C,Mexico City,New,Male,Gaming,132.73,4,Cash,530.92,398.65,132.26999999999998,24.91,4.6
